groups,Df,SumOfSqs,R2,F,Pr(>F),P-adjusted
Low_vs_Intermediate,1,2.4006054201008054e-7,0.2415716400196991,5.7332897209533735,0.0052,0.0156
Residual,18,7.5368417897829645e-07,0.7584283599803009,NA,NA,NA
Total,19,9.93744720988377e-7,1,NA,NA,NA
Low_vs_High,1,1.869350142782838e-7,0.3903707643710204,5.122730230852644,0.0368,0.0552
Residual,8,2.9193028850503374e-7,0.6096292356289795,NA,NA,NA
Total,9,4.788653027833175e-7,1,NA,NA,NA
Intermediate_vs_High,1,1.1191755515264227e-8,0.02096996518031954,0.3855442221599185,0.7323,0.7323
Residual,18,5.225123025996138e-7,0.9790300348196805,NA,NA,NA
Total,19,5.33704058114878e-7,1,NA,NA,NA
