groups,Df,SumOfSqs,R2,F,Pr(>F),P-adjusted
Low_vs_Intermediate,1,2.2138342860077557e-7,0.22780191126176627,5.310081004489241,0.0066,0.019799999999999998
Residual,18,7.50440852304334e-7,0.7721980887382338,NA,NA,NA
Total,19,9.718242809051095e-7,1,NA,NA,NA
Low_vs_High,1,2.2103370675073696e-7,0.42285427625322647,5.861317291003704,0.0387,0.05805
Residual,8,3.0168468387131e-7,0.5771457237467736,NA,NA,NA
Total,9,5.227183906220469e-7,1,NA,NA,NA
Intermediate_vs_High,1,4.68068682295045e-9,0.00877019155425449,0.15926019035294312,0.884,0.884
Residual,18,5.290233712919276e-7,0.9912298084457456,NA,NA,NA
Total,19,5.33704058114878e-7,1,NA,NA,NA
