Df,SumOfSqs,R2,F,Pr(>F)
2,1.7287578219237916,0.23117488653141974,13.831552318146137,0.001
92,5.749380689842409,0.7688251134685802,NA,NA
94,7.478138511766201,1,NA,NA
