Df,Sum Sq,Mean Sq,F value,Pr(>F)
2,0.2484718566901241,0.12423592834506204,17.111914527717147,4.805492817376638e-7
92,0.6679384348976475,0.0072602003793222555,NA,NA
