Df,Sum Sq,Mean Sq,F value,Pr(>F)
2,1.0351013137441738,0.5175506568720869,26.274420205238528,9.409529397055316e-10
92,1.8122059425211865,0.019697890679578115,NA,NA
